No,Scorecard Criterias,tag,hint,Khmer (km)
1,អ្នកលក់អាហារផ្តល់ជម្រើសវេចខ្ចប់កញ្ចប់ដែលអាចប្រើឡើងវិញ,packaging_reuse,តាមបទពិសោធន៍របស់អ្នក តើអ្នកលក់អាហារនៅទីនេះមានផ្តល់ប្រអប់ ឬកញ្ចប់ដែលអាចប្រើឡើងវិញដែរឬទេ?,
2,មានជម្រើសអតិថិជនយកបរិក្ខារផ្ទាល់ខ្លួនមកប្រើ,byoc_option,នៅពេលអ្នកទៅទិញអាហារ តើអ្នកអាចយកប្រអប់ ឬកញ្ចប់ផ្ទាល់ខ្លួនមកប្រើដោយគ្មានបញ្ហាដែរឬទេ?,
3,មានការលើកទឹកចិត្តសម្រាប់ការប្រើវេចខ្ចប់ដែលអាចប្រើឡើងវិញ,reuse_incentives,តើអ្នកធ្លាប់ទទួលបានការបញ្ចុះតម្លៃ ឬការលើកទឹកចិត្តផ្សេងៗ នៅពេលប្រើកញ្ចប់អាចប្រើឡើងវិញដែរឬទេ?,
4,ប្រើការវេចខ្ចប់ដោយកញ្ចប់ដែលអាចរលួយ ឬអាចធ្វើកំប៉ុស្ត,biodegradable_packaging,តាមដែលអ្នកបានឃើញ តើកញ្ចប់អាហារដែលប្រើនៅទីនេះហាក់ដូចជាអាចរលួយ ឬបំបែកដោយធម្មជាតិដែរឬទេ?,
5,វេចខ្ចប់កញ្ចប់ផលិតពីសម្ភារៈអាចកែច្នៃឡើងវិញ,recyclable_material,តាមការយល់ឃើញរបស់អ្នក តើកញ្ចប់អាហារទាំងនេះអាចយកទៅកែច្នៃឡើងវិញបានដែរឬទេ?,
6,មានធុងបំបែកកាកសំណល់ត្រឹមត្រូវ,segregation_bins,នៅទីតាំងនេះ តើអ្នកបានឃើញធុងដាក់កាកសំណល់បំបែកច្បាស់លាស់ (អាហារ និងវេចខ្ចប់) ដែរឬទេ?,
7,ការបំបែកកាកសំណល់បានត្រឹមត្រូវ,correct_segregation,តាមការសង្កេតរបស់អ្នក តើកាកសំណល់ត្រូវបានដាក់ចូលធុងត្រឹមត្រូវ ឬនៅតែច្របូកច្របល់?,
8,មានផ្ទាំងណែនាំអំពីការបំបែកកាកសំណល់,segregation_signage,តើមានផ្ទាំង ឬស្លាកណែនាំអំពីរបៀបដាក់កាកសំណល់ឲ្យឃើញច្បាស់ និងងាយយល់ដែរឬទេ?,
9,អ្នកលក់មានការយល់ដឹងអំពីការបំបែកកាកសំណល់,vendor_awareness,តាមការទាក់ទងរបស់អ្នក តើអ្នកលក់ហាក់ដូចជាដឹង និងយកចិត្តទុកដាក់អំពីការបំបែកកាកសំណល់ដែរឬទេ?,
10,មានការគ្រប់គ្រងកាកសំណល់អាហារដោយកំប៉ុស្ត,food_waste_composting,តើអ្នកធ្លាប់ឃើញ ឬបានដឹងថាកាកសំណល់អាហារត្រូវបានយកទៅធ្វើកំប៉ុស្ត ឬគ្រប់គ្រងផ្សេងពីចាក់សំរាមដែរឬទេ?,
11,ភាពញឹកញាប់នៃការប្រមូលកាកសំណល់,collection_frequency,តាមការយល់ឃើញរបស់អ្នក តើកាកសំណល់ត្រូវបានប្រមូលយកចេញទៀងទាត់ ឬនៅសល់យូរ?,
12,ភាពស្អាតនៃកន្លែងរក្សាទុកកាកសំណល់,storage_cleanliness,នៅជុំវិញធុងកាកសំណល់ តើស្ថានភាពទូទៅស្អាត និងមិនមានក្លិនអាក្រក់ដែរឬទេ?,
13,ការរាលដាលកាកសំណល់វេចខ្ចប់ជុំវិញទីតាំង,litter_leakage,តាមការសង្កេតរបស់អ្នក តើមានកាកសំណល់វេចខ្ចប់ធ្លាក់រាលដាលជុំវិញទីតាំងដែរឬទេ?,
14,សកម្មភាពបង្កើនការយល់ដឹងសាធារណៈ,consumer_awareness,តើអ្នកធ្លាប់ឃើញសកម្មភាព ឬសារផ្សព្វផ្សាយណាមួយអំពីការកាត់បន្ថយកាកសំណល់នៅក្នុងសហគមន៍នេះដែរឬទេ?,
15,ព័ត៌មានណែនាំសាធារណៈអំពីការចោលកាកសំណល់,disposal_information,តើមានព័ត៌មាន ឬការណែនាំឲ្យប្រជាពលរដ្ឋដឹងពីរបៀបចោលកាកសំណល់ឲ្យត្រឹមត្រូវដែរឬទេ?,
16,សកម្មភាពសម្អាតដោយសហគមន៍,community_cleanup,តាមបទពិសោធន៍របស់អ្នក តើសហគមន៍នេះមានសកម្មភាពសម្អាតបរិស្ថានជាប្រចាំដែរឬទេ?,
17,មានបទបញ្ជាមូលដ្ឋានស្តីពីការវេចខ្ចប់អាហារ,local_policy,តើអ្នកធ្លាប់ឮ ឬបានដឹងអំពីបទបញ្ជា ឬច្បាប់មូលដ្ឋានពាក់ព័ន្ធនឹងការវេចខ្ចប់អាហារដែរឬទេ?,
18,ការអនុវត្ត និងអនុវត្តន៍ច្បាប់វេចខ្ចប់,policy_enforcement,តាមការយល់ឃើញរបស់អ្នក តើបទបញ្ជាទាំងនេះត្រូវបានអនុវត្តពិតប្រាកដ ឬគ្រាន់តែមានជាឯកសារ?,
19,ប្រព័ន្ធតាមដានការអនុវត្តរបស់អ្នកលក់,vendor_monitoring,តើអ្នកមានអារម្មណ៍ថាមានការតាមដាន ឬត្រួតពិនិត្យអ្នកលក់អាហារជាប្រចាំដែរឬទេ?,
20,ចំនួនបុគ្គលិក_សូចនាករតេស្តដែលមានសម្លេង,number_of_staff,ចំនួនបុគ្គលិកនៅមិនទាន់គ្រប់គ្រាន់,ps_1_km.mp3